https://web.facebook.com/?_rdc=1&_rdr,1521241972,1522351859,177,56640
https://colab.research.google.com/drive/1T1taGrTitUHGCN6HS-oN4ZB6XoC6z_lM#scrollTo=9Z-yMkIHxJnR,1521251654,1522253582,46,48300
https://colab.research.google.com/drive/1XMYyfg4D5VXQb8sQOa_ptEIq7Pm6bTrG#scrollTo=xx-n0Xm_jwIM,1520925873,1522352072,72,46728
http://localhost/phpmyadmin/,1518413861,1522075694,24,39312
http://localhost/mektekclass/registration.php,1519511384,1522076576,19,37050
https://mail.google.com/mail/u/0/#inbox,1516596003,1522352010,36,33264
https://github.com/shawon100,1517215489,1522352266,37,27528
https://console.starter-ca-central-1.openshift.com/console/project/ruetoj/overview,1511951021,1522024029,24,21788
http://localhost/mektekclass/mail/index.php,1522021604,1522024188,11,20914
https://colab.research.google.com/drive/1XMYyfg4D5VXQb8sQOa_ptEIq7Pm6bTrG#scrollTo=GZ_v1iYYkwhY,1520935083,1521860902,57,14938
https://www.youtube.com/,1517229227,1521978502,24,14792
https://colab.research.google.com/drive/1QP09wScBe4GjUMKCJXyTXFTR7GQTXm4D#scrollTo=HeTZftKttD2S,1521176532,1522263956,18,14310
http://ruetoj-ruetoj.193b.starter-ca-central-1.openshiftapps.com/login.php,1510278801,1522023804,24,14063
https://colab.research.google.com/drive/1EJhlWPqWpLgypUUBsljbN7nbsuIq5tzA#scrollTo=bpSrzz7cxFle,1520510179,1521815588,32,13881
http://www.cricbuzz.com/,1508044572,1521182162,17,13328
https://colab.research.google.com/drive/1BJZo4AJo_YwTXEQkNhRkhoEWWIrWBZZe#scrollTo=VdJ95rn5ei9E,1520455662,1521122994,20,13018
https://colab.research.google.com/drive/1NEep2nBDX4AVrSswgIPgZAQ30s4JIYOm#scrollTo=p_vo6SOSoz9l,1521421709,1522250522,48,12589
https://web.facebook.com/,1520928592,1522279369,67,11725
https://colab.research.google.com/drive/1hj3gl-6kWUr7JsNwzp6uPbqetu6AkSV0#scrollTo=EKqEmU-4xZVF,1520466059,1521816283,21,9811
https://mail.google.com/mail/u/0/?tab=wm#inbox,1519368335,1521238132,20,9718
http://localhost/mektekclass/currenturl.php,1520584254,1520587354,10,9146
http://ruetoj.ml/,1514438448,1522023980,23,9096
http://ruetoc-ruetoc.193b.starter-ca-central-1.openshiftapps.com/,1508047120,1521648769,22,8683
http://facebook.com/,1513071686,1521495720,28,8404
https://colab.research.google.com/drive/1b-kK88v83Jhuyrog-ThLVgvlMwWVRlOb,1521256603,1522250413,6,8063
http://codeforces.com/,1516177314,1520137538,20,7677
http://www.ruetoj.ml/,1515393684,1521648547,20,7387
http://localhost/project/upload.php,1521744631,1521745792,5,7344
http://localhost/nawme/,1521806882,1521807188,4,7049
https://drive.google.com/drive/,1510968767,1521807472,8,6754
https://colab.research.google.com/drive/1Jmn5rwETQp74MIPgb5_HpcMtFTO1ambK#scrollTo=GZ_v1iYYkwhY,1520739387,1521070916,20,6468
https://colab.research.google.com/drive/1XMYyfg4D5VXQb8sQOa_ptEIq7Pm6bTrG#scrollTo=9UZd75hzkaX5,1520933111,1521860897,69,6236
https://colab.research.google.com/drive/1XMYyfg4D5VXQb8sQOa_ptEIq7Pm6bTrG#scrollTo=URX-syjjmDqO,1520931061,1521860909,65,5875
https://www.000webhost.com/members/website/list,1513764798,1519127631,20,5375
http://shawon.mektekbd.com/,1496474205,1519105186,20,5227
https://devskill.com/Home,1507781210,1519162202,20,5113
http://localhost/mektekclass/login.php,1519511657,1522076596,18,5090
http://localhost:8000/,1502004949,1519127101,16,5082
https://console.starter-ca-central-1.openshift.com/console/,1509596224,1519993536,19,5001
https://colab.research.google.com/drive/1XMYyfg4D5VXQb8sQOa_ptEIq7Pm6bTrG#scrollTo=SAYZHVRdsDlk,1520918271,1521841190,55,4971
https://colab.research.google.com/drive/1XMYyfg4D5VXQb8sQOa_ptEIq7Pm6bTrG#scrollTo=E22G1RObNYGI,1520936891,1521841260,53,4790
https://idcardgenerator.000webhostapp.com/,1513765401,1517228414,12,4763
https://colab.research.google.com/drive/1b-kK88v83Jhuyrog-ThLVgvlMwWVRlOb#scrollTo=EKqEmU-4xZVF,1521766425,1522254650,46,4600
https://blog.floydhub.com/turning-design-mockups-into-code-with-deep-learning/,1519869006,1520386247,6,4578
https://ml.manash.me/,1519989419,1521843281,5,4535
https://colab.research.google.com/drive/1rmMiN4ld01O-3tuHVaZtdnD8K2I7Esiu#scrollTo=WZ71VvXYi6LX,1521123794,1521167478,19,4501
https://www.coursera.org/accomplishments,1519617115,1521199607,5,4493
https://www.blogger.com/blogger.g?blogID=3532188705097941107#allposts,1513324555,1519265715,23,4431
https://colab.research.google.com/drive/1T1taGrTitUHGCN6HS-oN4ZB6XoC6z_lM#scrollTo=Hwv5cygRwTqh,1521269388,1522253615,44,4400
https://colab.research.google.com/drive/1pfU2HccZ0G5pUN0seRIQLzzFGqcSFwyl#scrollTo=8i0P5pQoiTeH,1521157190,1521167213,11,4313
https://drive.google.com/drive/my-drive,1519286261,1521807484,23,4214
http://ruetoj-ruetoj.193b.starter-ca-central-1.openshiftapps.com/profile.php?user=st.zuhori,1520727613,1522020514,7,4202
http://www.shawonruet.me/,1517358577,1521170612,12,4195
https://www.udemy.com/home/my-courses/learning/,1505343612,1517652687,20,4180
https://colab.research.google.com/drive/1XMYyfg4D5VXQb8sQOa_ptEIq7Pm6bTrG#scrollTo=HeTZftKttD2S,1520937071,1521841204,46,4157
https://colab.research.google.com/drive/1b-kK88v83Jhuyrog-ThLVgvlMwWVRlOb#scrollTo=Hwv5cygRwTqh,1521765692,1522254695,40,4000
https://colab.research.google.com/drive/1T1taGrTitUHGCN6HS-oN4ZB6XoC6z_lM#scrollTo=aHxqyiLYw-6N,1521269382,1522117604,41,3998
https://colab.research.google.com/drive/1XMYyfg4D5VXQb8sQOa_ptEIq7Pm6bTrG#scrollTo=9R1O_Im5faI7,1520933926,1521860875,44,3976
http://daler.org/,1519905542,1520730391,5,3961
https://colab.research.google.com/drive/1NEep2nBDX4AVrSswgIPgZAQ30s4JIYOm#scrollTo=_zdQXQSoo939,1521421736,1522252698,47,3895
http://www.facebook.com/,1521731165,1522351857,97,3880
https://github.com/,1512166199,1521647647,7,3858
https://colab.research.google.com/drive/1XMYyfg4D5VXQb8sQOa_ptEIq7Pm6bTrG#scrollTo=Z87kYbKHhtnm,1520933780,1521860885,42,3796
https://colab.research.google.com/drive/1T1taGrTitUHGCN6HS-oN4ZB6XoC6z_lM#scrollTo=EKqEmU-4xZVF,1521263875,1522118632,43,3689
https://colab.research.google.com/drive/1NEep2nBDX4AVrSswgIPgZAQ30s4JIYOm#scrollTo=WL1LGOD2o5cd,1521421728,1522252698,47,3620
http://localhost/nawme/index.php,1521807212,1521807314,3,3613
https://hootsuite.com/dashboard#/publisher,1487369927,1519267737,11,3530
https://myaccount.laxmicoin.com/register?ref=lo08cp432io0w8k4,1520291390,1520372134,4,3488
http://youtube.com/,1511150405,1519203404,9,3430
https://colab.research.google.com/drive/1T1taGrTitUHGCN6HS-oN4ZB6XoC6z_lM#scrollTo=bpSrzz7cxFle,1521251518,1522117610,36,3405
https://www.hackerrank.com/challenges/python-lists/forum,1519195534,1519277164,7,3389
https://github.com/raqueeb/mltraining,1518670033,1521085181,4,3349
https://www.facebook.com/,1519265697,1522351858,133,3325
https://www.linkedin.com/,1494384543,1521490183,6,3324
https://colab.research.google.com/drive/1b-kK88v83Jhuyrog-ThLVgvlMwWVRlOb#scrollTo=aHxqyiLYw-6N,1522099663,1522254607,33,3300
https://arxiv.org/pdf/1705.02680.pdf,1521168734,1521169123,3,3299
https://www.google.com/search?q=microsoft+bootstrap+error+office+2013&ie=utf-8&oe=utf-8&client=firefox-b-ab,1521287595,1521346814,2,3267
http://localhost:3000/,1518939208,1519513921,4,3267
https://colab.research.google.com/drive/1NEep2nBDX4AVrSswgIPgZAQ30s4JIYOm#scrollTo=q-BxfNM-o2nl,1521421762,1522250526,44,3260
https://colab.research.google.com/drive/1EJhlWPqWpLgypUUBsljbN7nbsuIq5tzA#scrollTo=9Z-yMkIHxJnR,1520506569,1521817402,36,3253
http://localhost:8888/tree/Documents,1519468795,1522109472,24,3237
http://localhost/liveruetoj/home.php,1507765736,1522020248,16,3210
https://colab.research.google.com/drive/1EJhlWPqWpLgypUUBsljbN7nbsuIq5tzA#scrollTo=zIKWDITNcE0S,1520506471,1521815560,13,3196
https://colab.research.google.com/drive/1b-kK88v83Jhuyrog-ThLVgvlMwWVRlOb#scrollTo=979RGXXlxqKl,1521766432,1522254652,31,3100
https://colab.research.google.com/drive/1T1taGrTitUHGCN6HS-oN4ZB6XoC6z_lM#scrollTo=KzXV9WRCxTsH,1521254930,1522253605,34,3094
https://colab.research.google.com/drive/1T1taGrTitUHGCN6HS-oN4ZB6XoC6z_lM#scrollTo=h6B35ngwxM3t,1521258462,1522117631,36,3089
https://colab.research.google.com/drive/1XMYyfg4D5VXQb8sQOa_ptEIq7Pm6bTrG#scrollTo=w4vsIjoNeHW4,1520931775,1522352253,41,2993
https://colab.research.google.com/drive/1EJhlWPqWpLgypUUBsljbN7nbsuIq5tzA#scrollTo=EKqEmU-4xZVF,1520506734,1521816212,33,2984
https://github.com/gr33ndata/dmoz-urlclassifier,1520335541,1521861843,13,2947
https://www.hackerearth.com/challenge/competitive/february-sql-challenge-2018/sql/b-1/,1519371963,1520289965,6,2900
https://colab.research.google.com/drive/1XMYyfg4D5VXQb8sQOa_ptEIq7Pm6bTrG#scrollTo=s4Tw3CVgdLaN,1520931722,1521860858,32,2892
http://localhost/appcontest/,1518952522,1519103950,6,2853
https://towardsdatascience.com/multi-class-text-classification-with-scikit-learn-12f1e60e0a9f,1520397749,1522110254,6,2842
http://localhost/phpmyadminUltimateBen/,1504485231,1519025437,20,2711
http://mektekbd.com/,1504180409,1517919509,20,2702
https://colab.research.google.com/drive/1b-kK88v83Jhuyrog-ThLVgvlMwWVRlOb#scrollTo=bpSrzz7cxFle,1522099758,1522253946,27,2700
https://github.com/shawon100/Web-Log-Dataset,1519999113,1522352275,34,2686
https://colab.research.google.com/drive/1EJhlWPqWpLgypUUBsljbN7nbsuIq5tzA#scrollTo=KzXV9WRCxTsH,1520506658,1521859700,29,2621
https://colab.research.google.com/drive/1bBvfi9l7Tju8rz09eC4C5FRNZvntKUMN#scrollTo=3XmQoOkJoKD3,1521175501,1521426341,11,2605
https://www.coursera.org/learn/python/home/week/6,1519889463,1519943818,6,2572
https://colab.research.google.com/drive/1T1taGrTitUHGCN6HS-oN4ZB6XoC6z_lM#scrollTo=NSqLTA9-xQVe,1521254603,1522117643,31,2569
https://colab.research.google.com/drive/1XMYyfg4D5VXQb8sQOa_ptEIq7Pm6bTrG#scrollTo=fgS35cp-NhxI,1520916862,1521841723,28,2530
https://www.floydhub.com/settings/security,1520125363,1520497267,6,2516
https://www.hackerrank.com/,1519166450,1521008050,4,2499
http://localhost:8000/home/shawon/,1517190455,1517222168,6,2475
http://localhost/project/index1.php,1521744894,1521746723,9,2467
https://colab.research.google.com/drive/1T1taGrTitUHGCN6HS-oN4ZB6XoC6z_lM#scrollTo=979RGXXlxqKl,1521255851,1522116555,34,2420
https://www.youtube.com/watch?v=z0qhKP2liHs,1520295015,1520334762,3,2344
https://colab.research.google.com/drive/1b-kK88v83Jhuyrog-ThLVgvlMwWVRlOb#scrollTo=NSqLTA9-xQVe,1521766605,1522254621,23,2300
https://colab.research.google.com/drive/1b-kK88v83Jhuyrog-ThLVgvlMwWVRlOb#scrollTo=KzXV9WRCxTsH,1521766628,1522254619,23,2300
http://localhost/mektekclass/config.php,1520557435,1520557690,2,2286
https://www.google.com/search?q=np.nan+is+an+invalid+document%2C+expected+byte+or+unicode+string.&ie=utf-8&oe=utf-8&client=firefox-b-ab,1520399025,1520414385,2,2286
https://colab.research.google.com/drive/1NEep2nBDX4AVrSswgIPgZAQ30s4JIYOm#scrollTo=DWlunCDpox7X,1521421704,1522250520,32,2278
https://colab.research.google.com/drive/1EJhlWPqWpLgypUUBsljbN7nbsuIq5tzA#scrollTo=979RGXXlxqKl,1520506903,1521816214,25,2260
https://colab.research.google.com/drive/1T1taGrTitUHGCN6HS-oN4ZB6XoC6z_lM#scrollTo=zIKWDITNcE0S,1521198288,1522116640,28,2239
https://colab.research.google.com/drive/1b-kK88v83Jhuyrog-ThLVgvlMwWVRlOb#scrollTo=h6B35ngwxM3t,1522099819,1522253958,22,2200
https://nearbyhospital.000webhostapp.com/,1519090638,1519115919,4,2178
https://github.com/shawon100?tab=repositories,1520252703,1522352271,27,2133
https://www.google.com/search?q=download+python+3&ie=utf-8&oe=utf-8&client=firefox-b-ab,1515622772,1519190148,3,2124
https://colab.research.google.com/drive/1ALbVEeJMfzWxJ45TsDcrJHb-VCUgQMsA#scrollTo=cpCR3gUSan1S,1521155176,1521424085,7,2124
https://stackoverflow.com/questions/41322243/how-to-use-keras-rnn-for-text-classification-in-a-dataset,1522104231,1522107756,3,2116
https://www.kaggle.com/datasets,1506768622,1520077981,11,2111
https://colab.research.google.com/drive/1b-kK88v83Jhuyrog-ThLVgvlMwWVRlOb#scrollTo=9Z-yMkIHxJnR,1522099810,1522254604,21,2100
https://colab.research.google.com/drive/1T1taGrTitUHGCN6HS-oN4ZB6XoC6z_lM#scrollTo=UhZk7t23bFga,1521264204,1522118813,29,2064
https://colab.research.google.com/drive/1T1taGrTitUHGCN6HS-oN4ZB6XoC6z_lM#scrollTo=cth3yrIEavrL,1521255986,1521650170,24,2062
https://catalog.data.gov/dataset/consumer-complaint-database,1522111915,1522111915,2,2048
https://colab.research.google.com/drive/1EJhlWPqWpLgypUUBsljbN7nbsuIq5tzA#scrollTo=Hwv5cygRwTqh,1520506365,1521815561,23,2016
https://www.google.com/search?q=Web+page+classification+without+the+web+page&ie=utf-8&oe=utf-8&client=firefox-b-ab,1522259496,1522259496,1,2000
https://www.google.com/search?q=web+url+classification+dmoz+best+accuracy&ie=utf-8&oe=utf-8&client=firefox-b-ab,1522259809,1522259809,1,2000
https://www.google.com/search?q=LM+classifier+sklearn&ie=utf-8&oe=utf-8&client=firefox-b-ab,1522259981,1522259981,1,2000
https://www.google.com/search?q=frecency+prediction+github&ie=utf-8&oe=utf-8&client=firefox-b-ab,1522352213,1522352213,1,2000
https://github.com/PHPMailer/PHPMailer/wiki/Troubleshooting,1522022740,1522022740,2,1997
https://raw.githubusercontent.com/shawon100/Web-Log-Dataset/master/urldataset.csv,1522099710,1522099710,2,1989
https://colab.research.google.com/drive/1EJhlWPqWpLgypUUBsljbN7nbsuIq5tzA#scrollTo=h6B35ngwxM3t,1520506647,1521817383,22,1988
http://nbviewer.jupyter.org/github/raqueeb/mltraining/blob/master/Python/titanic-project-test.ipynb,1521072436,1521114102,3,1980
https://github.com/shawon100/RUET-OJ,1512192590,1520073595,19,1956
https://www.google.com/search?q=how+to+add+multiple+dataframe+pandas&ie=utf-8&oe=utf-8&client=firefox-b-ab,1522094014,1522094014,1,1950
https://www.google.com/search?q=ms+excel+vba+copy+rows&ie=utf-8&oe=utf-8&client=firefox-b-ab,1522094233,1522094233,1,1950
https://www.google.com/search?q=rnn+for+url+classification&ie=utf-8&oe=utf-8&client=firefox-b-ab,1522104099,1522104099,1,1950
https://www.google.com/search?q=parameter+for+linear+svc&ie=utf-8&oe=utf-8&client=firefox-b-ab,1522110690,1522110690,1,1950
https://www.google.com/search?q=clf+alpha+change+in+gridsearch+cv+for+better+text+classification&ie=utf-8&oe=utf-8&client=firefox-b-ab,1522117676,1522117676,1,1950
http://ruet13.freeiz.com/,1489471063,1517229602,13,1943
http://localhost/vlab/login.php,1521589804,1521661404,4,1933
http://shawonruet.blogspot.com/,1492695400,1521170611,20,1911
https://www.google.com/search?q=avengers+assemble+season+4+list&ie=utf-8&oe=utf-8&client=firefox-b-ab,1521978616,1521978616,1,1901
https://www.google.com/search?q=Message+could+not+be+sent.Mailer+Error%3A+SMTP+connect%28%29+failed.+https%3A%2F%2Fgithub.com%2FPHPMailer%2FPHPMailer%2Fwiki%2FTroubleshooting&ie=utf-8&oe=utf-8&client=firefox-b-ab,1522019394,1522019394,1,1901
http://localhost/PHPMailer-master/index.php,1522020475,1522020475,1,1901
http://ruetoj.ml/mail/index.php,1522020491,1522020491,1,1901
http://ruetoj-ruetoj.193b.starter-ca-central-1.openshiftapps.com/mail/index.php,1522020525,1522020525,1,1901
http://localhost/mailer/index.php,1522020989,1522020989,1,1901
https://www.google.com/search?q=php+mailer+new&ie=utf-8&oe=utf-8&client=firefox-b-ab,1522022077,1522022077,1,1901
https://www.google.com/search?q=localhost+is+not+supporting++isSMPTP&ie=utf-8&oe=utf-8&client=firefox-b-ab,1522023845,1522023845,1,1901
https://www.google.com/search?q=SMTP+Error%3A+Could+not+connect+to+SMTP+host&ie=utf-8&oe=utf-8&client=firefox-b-ab,1522023971,1522023971,1,1901
https://www.google.com/search?q=encode+decode+in+php+normal+text&ie=utf-8&oe=utf-8&client=firefox-b-ab,1522024932,1522024932,1,1901
https://colab.research.google.com/drive/1T1taGrTitUHGCN6HS-oN4ZB6XoC6z_lM#scrollTo=0evCXJlUdSB_,1521256536,1521660803,22,1890
https://machinelearningmastery.com/regression-tutorial-keras-deep-learning-library-python/,1521122774,1521179563,4,1879
https://www.google.com/search?q=URL-Based+Web+Page+Classi%EF%AC%81cation%3A+With+n-Gram+Language+Models&ie=utf-8&oe=utf-8&client=firefox-b-ab,1521925612,1521925612,1,1853
https://www.google.com/search?q=why+multiple+layer&ie=utf-8&oe=utf-8&client=firefox-b-ab,1521927821,1521927821,1,1853
https://www.google.com/search?q=cost+fuction+of+linear+regression&ie=utf-8&oe=utf-8&client=firefox-b-ab,1521928758,1521928758,1,1853
https://www.google.com/search?q=Linear+Regression+inventor&ie=utf-8&oe=utf-8&client=firefox-b-ab,1521929217,1521929217,1,1853
https://www.google.com/search?q=Naive+Bayes+for+Text+Classification+withUnbalanced+Classes&ie=utf-8&oe=utf-8&client=firefox-b-ab,1521930338,1521930338,1,1853
http://www.citethisforme.com/cite/journal,1521930994,1521930994,1,1853
https://www.google.com/search?q=Link+Prediction+by+markov+model&ie=utf-8&oe=utf-8&client=firefox-b-ab,1521939785,1521939785,1,1853
https://www.google.com/search?q=what+is+state+of+Art+in+research+paper&ie=utf-8&oe=utf-8&client=firefox-b-ab,1521940007,1521940007,1,1853
http://localhost:8888/tree,1519468323,1522109469,25,1853
http://localhost:8888/tree/Documents/Python,1519990249,1522109475,24,1849
https://www.google.com/search?q=what+is+corpus&ie=utf-8&oe=utf-8&client=firefox-b-ab,1521818442,1521818442,1,1807
https://www.google.com/search?q=linear+regression+multivariable+graph&ie=utf-8&oe=utf-8&client=firefox-b-ab,1521821305,1521821305,1,1807
https://www.google.com/search?q=panda+plot+visualization+set+highest+y+limit&ie=utf-8&oe=utf-8&client=firefox-b-ab,1521834823,1521834823,1,1807
https://www.google.com/search?q=plot+kind+regression&ie=utf-8&oe=utf-8&client=firefox-b-ab,1521836206,1521836206,1,1807
https://www.google.com/search?q=linear+regression+algorithm+how+to+reduce+long+rmse+error&ie=utf-8&oe=utf-8&client=firefox-b-ab,1521843692,1521843692,1,1807
https://www.google.com/search?q=Naive+bayes+alorithm&ie=utf-8&oe=utf-8&client=firefox-b-ab,1521853056,1521853056,1,1807
https://www.google.com/search?q=dmoz+dataset&ie=utf-8&oe=utf-8&client=firefox-b-ab,1521861838,1521861838,1,1807
https://www.google.com/search?q=DMOz&ie=utf-8&oe=utf-8&client=firefox-b-ab,1521865267,1521865267,1,1807
https://www.google.com/search?q=How+to+write+IEEE+references+in+powerpoint+2013&ie=utf-8&oe=utf-8&client=firefox-b-ab,1521919423,1521919423,1,1807
https://www.google.com/search?q=citation+generator+for+powerpoint+2013&ie=utf-8&oe=utf-8&client=firefox-b-ab,1521920353,1521920353,1,1807
https://www.google.com/search?q=Predicting+website+audience+demographics+based+onbrowsing+history&ie=utf-8&oe=utf-8&client=firefox-b-ab,1521921345,1521921345,1,1807
https://www.google.com/search?q=%5D++Targeted+Advertising+Based+on+Browsing+History+&ie=utf-8&oe=utf-8&client=firefox-b-ab,1521922328,1521922328,1,1807
https://www.google.com/search?q=gmail&ie=utf-8&oe=utf-8&client=firefox-b-ab,1521418573,1521418862,3,1797
http://shawon.mektekbd.com/resume.html,1496715170,1519105192,20,1780
https://www.hackerrank.com/challenges/list-comprehensions/problem,1519470015,1519954564,6,1772
https://python.howtocode.com.bd/,1496147414,1519994376,7,1772
https://medium.com/@halimaakhtermitu/%E0%A6%AE%E0%A6%BE%E0%A6%B2%E0%A7%8D%E0%A6%9F%E0%A6%BF%E0%A6%A8%E0%A6%AE%E0%A6%BF%E0%A7%9F%E0%A6%BE%E0%A6%B2-%E0%A6%B2%E0%A6%9C%E0%A6%BF%E0%A6%B8%E0%A7%8D%E0%A6%9F%E0%A6%BF%E0%A6%95-%E0%A6%B0%E0%A6%BF%E0%A6%97%E0%A7%8D%E0%A6%B0%E0%A7%87%E0%A6%B6%E0%A6%A8-%E0%A6%8F%E0%A6%B0-%E0%A6%B8%E0%A6%B9%E0%A6%9C-%E0%A6%87%E0%A6%AE%E0%A6%AA%E0%A7%8D%E0%A6%B2%E0%A6%BF%E0%A6%AE%E0%A7%87%E0%A6%A8%E0%A7%8D%E0%A6%9F%E0%A7%87%E0%A6%B6%E0%A6%A8-4368feab5e5e,1520163918,1521241970,8,1770
https://www.google.com/search?q=huth+2003+inspec+dataset&ie=utf-8&oe=utf-8&client=firefox-b-ab,1521720671,1521720671,1,1762
http://localhost/project/tlogin.php,1521731616,1521731616,1,1762
http://localhost/project/sign_up.php,1521731646,1521731646,1,1762
https://www.google.com/search?q=varchar+unicode&ie=utf-8&oe=utf-8&client=firefox-b-ab,1521745498,1521745498,1,1762
https://www.google.com/search?q=video+src+to+show+php&ie=utf-8&oe=utf-8&client=firefox-b-ab,1521746518,1521746518,1,1762
https://www.google.com/search?q=html5+video+all+type&ie=utf-8&oe=utf-8&client=firefox-b-ab,1521746797,1521746797,1,1762
https://www.google.com/search?q=SVM+for+multiclass+python&ie=utf-8&oe=utf-8&client=firefox-b-ab,1521748656,1521748656,1,1762
https://www.google.com/search?q=what+is+one+vs+all&ie=utf-8&oe=utf-8&client=firefox-b-ab,1521749039,1521749039,1,1762
https://www.google.com/search?q=pic+ture+of+browser+dropdown+link+suggestion&ie=utf-8&oe=utf-8&client=firefox-b-ab,1521754630,1521754630,1,1762
https://www.google.com/search?q=Link+Prediction+browsing+history&ie=utf-8&oe=utf-8&client=firefox-b-ab,1521756173,1521756173,1,1762
https://www.google.com/search?q=%28http%3A%2F%2Fvccorp.vn&ie=utf-8&oe=utf-8&client=firefox-b-ab,1521756499,1521756499,1,1762
https://www.google.com/search?q=link+prediction+using+supervised+learning&ie=utf-8&oe=utf-8&client=firefox-b-ab,1521757390,1521757390,1,1762
https://www.google.com/search?q=gender+prediction+browsing+history+dataset&ie=utf-8&oe=utf-8&client=firefox-b-ab,1521758993,1521758993,1,1762
https://www.google.com/search?q=allow+cookies+in+firefox&ie=utf-8&oe=utf-8&client=firefox-b-ab,1521767529,1521767529,1,1762
https://www.google.com/search?q=dmoz&ie=utf-8&oe=utf-8&client=firefox-b-ab,1521770226,1521770226,1,1762
https://www.google.com/search?q=ealpha+show+code&ie=utf-8&oe=utf-8&client=firefox-b-ab,1521806975,1521806975,1,1762
https://www.google.com/search?q=What+is+countvector+abd+tfidf+python&ie=utf-8&oe=utf-8&client=firefox-b-ab,1521807871,1521807871,1,1762
https://www.google.com/search?q=what+is+countvectorizer+and+tfidftransformer&ie=utf-8&oe=utf-8&client=firefox-b-ab,1521807941,1521807941,1,1762
https://www.google.com/search?q=what+is+ngram&ie=utf-8&oe=utf-8&client=firefox-b-ab,1521809022,1521809022,1,1762
https://www.google.com/search?q=vect+n+gram+range+for+short+text+less+than+40+length&ie=utf-8&oe=utf-8&client=firefox-b-ab,1521809390,1521809390,1,1762
https://stackoverflow.com/questions/44841470/anaconda-installed-but-cannot-launch-navigator,1521419263,1521419834,3,1748
https://www.google.com/search?q=microsoft+excel+delete+entries+where+value&ie=utf-8&oe=utf-8&client=firefox-b-ab,1521645084,1521645084,1,1718
https://www.google.com/search?q=Social+media+website+list+csv&ie=utf-8&oe=utf-8&client=firefox-b-ab,1521646171,1521646171,1,1718
https://www.google.com/search?q=ngrok&ie=utf-8&oe=utf-8&client=firefox-b-ab,1521660450,1521660450,1,1718
https://www.google.com/search?q=convert+time+to+unix&ie=utf-8&oe=utf-8&client=firefox-b-ab,1521673794,1521673794,1,1718
https://www.google.com/search?q=panda+show+graph&ie=utf-8&oe=utf-8&client=firefox-b-ab,1521677384,1521677384,1,1718
https://www.google.com/search?q=Fecency+Prediction&ie=utf-8&oe=utf-8&client=firefox-b-ab,1521678816,1521678816,1,1718
https://www.google.com/search?q=linear+regression+set+priority+for+columns&ie=utf-8&oe=utf-8&client=firefox-b-ab,1521679374,1521679374,1,1718
https://www.google.com/search?q=house+price+prediction+priority+columns&ie=utf-8&oe=utf-8&client=firefox-b-ab,1521680913,1521680913,1,1718
https://www.google.com/search?q=Extreme+gradient+boost+regression+sklearn&ie=utf-8&oe=utf-8&client=firefox-b-ab,1521681951,1521681951,1,1718
https://www.google.com/search?q=gradient+bossting+n_estiators&ie=utf-8&oe=utf-8&client=firefox-b-ab,1521682265,1521682265,1,1718
https://www.google.com/search?q=Web+minining+slides+theme&ie=utf-8&oe=utf-8&client=firefox-b-ab,1521716052,1521716052,1,1718
https://www.google.com/search?q=category+wise&ie=utf-8&oe=utf-8&client=firefox-b-ab,1521717160,1521717160,1,1718
https://www.youtube.com/watch?v=ExVNi8FWvzA,1521291953,1521292695,2,1716
https://developers.google.com/edu/python/regular-expressions,1521196677,1521238563,2,1716
https://raqueeb.gitbooks.io/mlbook-titanic/content/kaggle/project.html,1521068593,1521113882,2,1716
https://www.hackerrank.com/challenges/py-if-else/problem,1519166646,1519185655,4,1716
http://www.cricbuzz.com/live-cricket-scores/19355/ban-vs-sl-1st-test-sri-lanka-tour-of-bangladesh-2018,1517439835,1520661123,4,1683
https://www.google.com/search?q=Port+443+in+use+by+%22Unable+to+open+process%22+with+PID+2888%21&ie=utf-8&oe=utf-8&client=firefox-b-ab,1521585571,1521585571,1,1675
http://localhost/vlab/allsubmission.php,1521590099,1521590099,1,1675
http://www.math.northwestern.edu/~mlerma/courses/cs310-05s/notes/dm-logic.pdf,1519893743,1519901263,3,1675
https://campus.datacamp.com/courses/intro-to-python-for-data-science/chapter-4-numpy?ex=15,1519708083,1519871225,3,1675
http://www.youtube.com/,1512362435,1517919615,5,1658
https://drive.google.com/uc?id=1LYwt_fVTK2mZZp8u9ueQTeu3-BJdFnJ0&export=download,1517557703,1520548049,3,1644
https://colab.research.google.com/drive/1NEep2nBDX4AVrSswgIPgZAQ30s4JIYOm#scrollTo=3XmQoOkJoKD3,1521421593,1522250513,23,1637
https://www.google.com/search?q=anaconda+navigator+location&ie=utf-8&oe=utf-8&client=firefox-b-ab,1521419213,1521419213,1,1633
https://www.google.com/search?q=where+is+task+schedular+in+windows+8&ie=utf-8&oe=utf-8&client=firefox-b-ab,1521290748,1521290748,1,1633
https://www.google.com/search?q=microsoft+encountered+a+problem+during+setup&ie=utf-8&oe=utf-8&client=firefox-b-ab,1521290236,1521290236,1,1633
https://www.google.com/search?q=support+microsoft+fix+it+tool&ie=utf-8&oe=utf-8&client=firefox-b-ab,1521288141,1521288141,1,1633
https://www.google.com/search?q=keras+cnn+mse+and+output&ie=utf-8&oe=utf-8&client=firefox-b-ab,1521279449,1521279449,1,1633
https://www.google.com/search?q=google+colab+limit+for+free&ie=utf-8&oe=utf-8&client=firefox-b-ab,1521277777,1521277777,1,1633
https://www.google.com/search?q=merge+two+dataframe+pandas&ie=utf-8&oe=utf-8&client=firefox-b-ab,1521271127,1521271127,1,1633
https://www.google.com/search?q=panda+add+new+row+&ie=utf-8&oe=utf-8&client=firefox-b-ab,1521267446,1521267446,1,1633
https://www.google.com/search?q=GridSearchCV&ie=utf-8&oe=utf-8&client=firefox-b-ab,1521264326,1521264326,1,1633
https://www.google.com/search?q=what+is+nltk+downloader&ie=utf-8&oe=utf-8&client=firefox-b-ab,1521256107,1521256107,1,1633
https://www.google.com/search?q=ngram+technique+for+text+classification+python&ie=utf-8&oe=utf-8&client=firefox-b-ab,1521251765,1521251765,1,1633
https://www.google.com/search?q=panda+check+if+there+is+nan+value+then+replace&ie=utf-8&oe=utf-8&client=firefox-b-ab,1521250705,1521250705,1,1633
https://www.google.com/search?q=df+drop+panda&ie=utf-8&oe=utf-8&client=firefox-b-ab,1521250419,1521250419,1,1633
https://www.google.com/search?q=pandas+str.extract+check+returns+NAN+or+not&ie=utf-8&oe=utf-8&client=firefox-b-ab,1521249428,1521249428,1,1633
https://www.google.com/search?q=im+port+pandas+series&ie=utf-8&oe=utf-8&client=firefox-b-ab,1521244785,1521244785,1,1633
https://www.google.com/search?q=pandas+read+csv+add+regex+to+remove+unneesary+word&ie=utf-8&oe=utf-8&client=firefox-b-ab,1521243498,1521243498,1,1633
https://www.google.com/search?q=pandas+cut+a+small+portion+of+data&ie=utf-8&oe=utf-8&client=firefox-b-ab,1521242628,1521242628,1,1633
https://www.google.com/search?q=pandas+get+dumies+to+convert+positive+and+negative+string&ie=utf-8&oe=utf-8&client=firefox-b-ab,1521241590,1521241590,1,1633
https://www.google.com/search?q=python+extract+host+from+url&ie=utf-8&oe=utf-8&client=firefox-b-ab,1521238984,1521238984,1,1633
https://www.google.com/search?q=lstm+convert+text+data&ie=utf-8&oe=utf-8&client=firefox-b-ab,1521207453,1521207453,1,1633
https://www.google.com/search?q=numpy+add+row&ie=utf-8&oe=utf-8&client=firefox-b-ab,1521205630,1521205630,1,1633
https://www.google.com/search?q=x_train+index&ie=utf-8&oe=utf-8&client=firefox-b-ab,1521200966,1521200966,1,1633
https://www.google.com/search?q=text+classification+neural+network+text+encoding&ie=utf-8&oe=utf-8&client=firefox-b-ab,1521197278,1521197278,1,1633
https://www.google.com/search?q=python+regex+to+find+a+pattern+in+a+sentence&ie=utf-8&oe=utf-8&client=firefox-b-ab,1521196369,1521196369,1,1633
https://www.google.com/search?q=invalid+literal+for+int%28%29+with+base+10&ie=utf-8&oe=utf-8&client=firefox-b-ab,1521200680,1521200680,1,1633
https://www.google.com/search?q=input+shape+more+than+10+thusand+nn&ie=utf-8&oe=utf-8&client=firefox-b-ab,1521182008,1521182008,1,1633
https://www.google.com/search?q=keras+utitlities+convert+url+to+categorical+data&ie=utf-8&oe=utf-8&client=firefox-b-ab,1521181140,1521181140,1,1633
https://www.google.com/search?q=neural+network+for+regression+output+dense+value&ie=utf-8&oe=utf-8&client=firefox-b-ab,1521176658,1521176658,1,1633
https://www.google.com/search?q=bangla+disgit+recognition+neural+network&ie=utf-8&oe=utf-8&client=firefox-b-ab,1521168721,1521168721,1,1633
https://www.google.com/search?q=git+clone+specify+a+directory&ie=utf-8&oe=utf-8&client=firefox-b-ab,1521165628,1521165628,1,1633
https://www.google.com/search?q=google+colab+fuse%3A+mountpoint+is+not+emptyfuse%3A+if+you+are+sure+this+is+safe%2C+use+the+%27nonempty%27+mount+option&ie=utf-8&oe=utf-8&client=firefox-b-ab,1521157206,1521157206,1,1633
https://www.google.com/search?q=git+clone+to+a+specific+folder&ie=utf-8&oe=utf-8&client=firefox-b-ab,1521156233,1521156233,1,1633
https://www.google.com/search?q=tesla+k80+gpu+price&ie=utf-8&oe=utf-8&client=firefox-b-ab,1521155561,1521155561,1,1633
https://www.google.com/search?q=what+is+np.prod%28x_tran_shape%5B1%3A%5D%29&ie=utf-8&oe=utf-8&client=firefox-b-ab,1521154713,1521154713,1,1633
https://raw.githubusercontent.com/jbrownlee/Datasets/master/housing.csv,1521122937,1521122937,1,1633
https://www.google.com/search?q=CNN+pyhton+scikit+learn+for+url+classification+github&ie=utf-8&oe=utf-8&client=firefox-b-ab,1521122451,1521122451,1,1633
https://www.google.com/search?q=load+kaggle+zip+dataset+in+panda&ie=utf-8&oe=utf-8&client=firefox-b-ab,1521071610,1521071610,1,1633
https://www.google.com/search?q=Building+database+application+in+php&ie=utf-8&oe=utf-8&client=firefox-b-ab,1521068163,1521068163,1,1633
https://www.google.com/search?q=load+zip+csv+file+from+pandas&ie=utf-8&oe=utf-8&client=firefox-b-ab,1521071002,1521071002,1,1633
http://ruetoj-ruetoj.193b.starter-ca-central-1.openshiftapps.com/,1521035058,1521035058,1,1633
https://www.google.com/search?q=machine+learning+bangla&ie=utf-8&oe=utf-8&client=firefox-b-ab,1521067909,1521067909,1,1633
https://www.google.com/search?q=PHP+best+course+coursera&ie=utf-8&oe=utf-8&client=firefox-b-ab,1521067984,1521067984,1,1633
https://www.google.com/search?q=cnn+multiclass+classification+example+scikit+learn&ie=utf-8&oe=utf-8&client=firefox-b-ab,1521008359,1521008359,1,1633
https://www.google.com/search?q=Anaconda+active+installed+folder+after+install+windows&ie=utf-8&oe=utf-8&client=firefox-b-ab,1521420516,1521420516,1,1633
https://www.google.com/search?q=shvn&ie=utf-8&oe=utf-8&client=firefox-b-ab,1521424979,1521424979,1,1633
https://colab.research.google.com/drive/,1521425200,1521425200,1,1633
https://www.google.com/search?q=google+colab+free+gpu+version&ie=utf-8&oe=utf-8&client=firefox-b-ab,1521425247,1521425247,1,1633
https://www.google.com/search?q=k80+gpu&ie=utf-8&oe=utf-8&client=firefox-b-ab,1521425275,1521425275,1,1633
https://www.google.com/search?q=cypher+data+uci&ie=utf-8&oe=utf-8&client=firefox-b-ab,1521496697,1521496697,1,1633
https://www.google.com/search?q=how+to+develop+an+online+judge+in+php&ie=utf-8&oe=utf-8&client=firefox-b-ab,1521500315,1521500315,1,1633
https://www.google.com/search?q=what+is+pinchoff+voltage&ie=utf-8&oe=utf-8&client=firefox-b-ab,1521504413,1521504413,1,1633
https://www.google.com/search?q=dataset+for+link+prediction&ie=utf-8&oe=utf-8&client=firefox-b-ab,1519904544,1519983809,2,1633
https://www.google.com/search?q=coursera&ie=utf-8&oe=utf-8&client=firefox-b-ab,1519617088,1519871238,2,1633
https://www.google.com/search?q=android+webview+geolocation+prompt+is+not+showing&ie=utf-8&oe=utf-8&client=firefox-b-ab,1519123976,1519124116,2,1633
https://www.google.com/search?q=how+to+add+enivironment+variable+for+conda&ie=utf-8&oe=utf-8&client=firefox-b-ab,1521417520,1521417520,1,1592
https://github.com/shawon100/coursera-ml,1511507781,1517658252,15,1592
https://www.packtpub.com/packt/offers/free-learning,1496224420,1521764730,11,1571
https://colab.research.google.com/drive/1NEep2nBDX4AVrSswgIPgZAQ30s4JIYOm#scrollTo=qpAKrMfApLLV,1521423536,1522252549,22,1566
https://colab.research.google.com/drive/1BJZo4AJo_YwTXEQkNhRkhoEWWIrWBZZe#scrollTo=CZ3dH08yeZNc,1520432645,1521071864,20,1536
https://www.000webhost.com/,1488451084,1519085191,8,1510
https://campus.datacamp.com/courses/supervised-learning-with-scikit-learn/classification?ex=5,1519993188,1520416703,3,1502
https://colab.research.google.com/drive/1NEep2nBDX4AVrSswgIPgZAQ30s4JIYOm#scrollTo=IbF_sh_4npbp,1521421820,1522250507,21,1495
http://pbpython.com/categorical-encoding.html,1520487738,1520942128,4,1488
https://colab.research.google.com/drive/1hj3gl-6kWUr7JsNwzp6uPbqetu6AkSV0#scrollTo=h6B35ngwxM3t,1520428645,1521817925,23,1475
https://www.google.com/search?q=proxy+add+on&ie=utf-8&oe=utf-8&client=firefox-b-ab,1517180223,1517181322,3,1468
https://www.google.com/search?q=cricbuzz&ie=utf-8&oe=utf-8&client=firefox-b-ab,1516325506,1517439823,3,1468
https://uva.onlinejudge.org/,1478934051,1518173701,20,1463
https://colab.research.google.com/drive/1QP09wScBe4GjUMKCJXyTXFTR7GQTXm4D#scrollTo=fgS35cp-NhxI,1521179876,1522263984,19,1444
https://www.youtube.com/watch?v=ewKKITq_ROs&feature=youtu.be,1517920077,1519549503,12,1428
https://colab.research.google.com/drive/1Nrfs1i6X6JsB24XnF5ippS8fQ1i9lUz8#scrollTo=fl9tYpPnYtPH,1520295436,1520396933,6,1427
https://colab.research.google.com/drive/1NEep2nBDX4AVrSswgIPgZAQ30s4JIYOm#scrollTo=c4qmneJvoFtm,1521421583,1522250511,20,1424
https://colab.research.google.com/drive/1hj3gl-6kWUr7JsNwzp6uPbqetu6AkSV0#scrollTo=bpSrzz7cxFle,1520506613,1521817274,22,1391
http://epub.lib.aalto.fi/en/ethesis/pdf/13524/hse_ethesis_13524.pdf,1521756688,1521921278,3,1384
https://www.kaggle.com/competitions,1520429519,1521070215,4,1362
https://colab.research.google.com/drive/1T1taGrTitUHGCN6HS-oN4ZB6XoC6z_lM#scrollTo=R8swkFkz71aF,1521181021,1522116605,19,1352
https://colab.research.google.com/drive/1NEep2nBDX4AVrSswgIPgZAQ30s4JIYOm#scrollTo=nz3L45L_oP9A,1521421705,1522250516,19,1352
https://github.com/javedsha/text-classification/blob/master/Text%2BClassification%2Busing%2Bpython%2C%2Bscikit%2Band%2Bnltk.ipynb,1520910187,1521650565,3,1350
http://www.10convert.com/,1511583494,1517403658,8,1344
https://colab.research.google.com/drive/1BJZo4AJo_YwTXEQkNhRkhoEWWIrWBZZe#scrollTo=8Xp0QErza4w3,1520487453,1521071480,20,1340
https://console.starter-ca-central-1.openshift.com/console/project/ruetoj/browse/rc/ruetoj-3?tab=details,1512472462,1522024064,23,1334
https://console.starter-ca-central-1.openshift.com/console/project/ruetoj/browse/rc/ruetoj-3,1511951026,1522024058,23,1334
https://www.google.com/search?q=blogger&ie=utf-8&oe=utf-8&client=firefox-b-ab,1488332373,1518878843,5,1316
https://colab.research.google.com/drive/1EJhlWPqWpLgypUUBsljbN7nbsuIq5tzA#scrollTo=NSqLTA9-xQVe,1520506649,1521816254,15,1315
https://applecrazy.github.io/blog/posts/analyzing-browser-hist-using-python/,1520929961,1520931209,2,1286
https://mail.zoho.com/zm/#mail/folder/inbox,1520136715,1520136768,2,1286
https://colab.research.google.com/drive/1hj3gl-6kWUr7JsNwzp6uPbqetu6AkSV0#scrollTo=NSqLTA9-xQVe,1520411967,1521816504,22,1273
https://scholar.google.com/,1520328004,1520930313,3,1257
http://inmachineswetrust.com/posts/deep-learning-setup/,1520294952,1520315368,2,1252
https://colab.research.google.com/drive/1BJZo4AJo_YwTXEQkNhRkhoEWWIrWBZZe#scrollTo=pUYC6xMGcACK,1520487537,1521071322,20,1242
https://web.facebook.com/?ref=tn_tnmn,1505311475,1522098790,22,1223
http://scikit-learn.org/stable/modules/generated/sklearn.naive_bayes.GaussianNB.html,1520462629,1520514725,2,1200
https://www.google.com/search?client=firefox-b-ab&biw=1366&bih=617&ei=be2eWvHyMcyd0gSOyK74BQ&q=dmoz.csv+dataset+download&oq=dmoz.csv+dataset+download&gs_l=psy-ab.3...3179.5662.0.5774.9.8.0.0.0.0.393.693.3-2.2.0....0...1c.1.64.psy-ab..7.1.393...33i160k1.0.xmaPI_MgICI,1520336117,1520373853,2,1200
https://jamesmccaffrey.wordpress.com/2018/01/22/installing-python-tensorflow-keras-in-a-conda-environment-on-windows/,1520314082,1520333449,2,1200
https://colab.research.google.com/drive/1Nrfs1i6X6JsB24XnF5ippS8fQ1i9lUz8#scrollTo=LLJEyIeHdRya&forceEdit=true&offline=true&sandboxMode=true,1520296749,1520313239,2,1200
https://www.google.com/url?sa=t&rct=j&q=&esrc=s&source=web&cd=8&cad=rja&uact=8&ved=0ahUKEwifuLr64NLZAhWGVLwKHapSD0wQFghaMAc&url=https%3A%2F%2Fgithub.com%2Fclarkkev%2Fbipartite-link-prediction&usg=AOvVaw3fIsp4GDHjO71jzLjYPV41,1520142950,1520143079,2,1200
https://colab.research.google.com/drive/1hj3gl-6kWUr7JsNwzp6uPbqetu6AkSV0#scrollTo=9Z-yMkIHxJnR,1520465918,1521816427,21,1158
https://colab.research.google.com/drive/1hj3gl-6kWUr7JsNwzp6uPbqetu6AkSV0#scrollTo=aHxqyiLYw-6N,1520466979,1521816420,21,1158
https://www.google.com/search?q=simple+draw+line+in+opengl+c%2B%2B&ie=utf-8&oe=utf-8&client=firefox-b-ab,1520947239,1520947239,1,1144
https://www.google.com/search?q=cnn+example+in+url+classification+scikit+learn&ie=utf-8&oe=utf-8&client=firefox-b-ab,1520942627,1520942627,1,1144
https://www.google.com/search?q=cleveland+data&ie=utf-8&oe=utf-8&client=firefox-b-ab,1520938996,1520938996,1,1144
https://www.google.com/search?q=how+to+predict+value+of+a+product+algorithm+machine+learning&ie=utf-8&oe=utf-8&client=firefox-b-ab,1520935467,1520935467,1,1144
https://www.google.com/search?q=categorical+convert+date+time+into+integer+according+to+date&ie=utf-8&oe=utf-8&client=firefox-b-ab,1520933466,1520933466,1,1144
https://www.google.com/search?q=pandas+add+column+in+dataframe&ie=utf-8&oe=utf-8&client=firefox-b-ab,1520932925,1520932925,1,1144
https://www.google.com/search?q=umpy.ndarray%27+object+has+no+attribute+%27lower+for+timestamp+panda&ie=utf-8&oe=utf-8&client=firefox-b-ab,1520931457,1520931457,1,1144
https://www.google.com/search?q=date+time+handiling+in+panda+&ie=utf-8&oe=utf-8&client=firefox-b-ab,1520931101,1520931101,1,1144
https://www.google.com/search?q=multiple+value+prediction+example+python+scikit+learn&ie=utf-8&oe=utf-8&client=firefox-b-ab,1520930607,1520930607,1,1144
https://www.google.com/search?q=fecency+prediction+browser+python&ie=utf-8&oe=utf-8&client=firefox-b-ab,1520929955,1520929955,1,1144
https://www.google.com/search?q=remove+a+column+by+panda&ie=utf-8&oe=utf-8&client=firefox-b-ab,1520925696,1520925696,1,1144
https://www.google.com/search?q=categorical+%27numpy.ndarray%27+object+has+no+attribute+%27lower%27&ie=utf-8&oe=utf-8&client=firefox-b-ab,1520918123,1520918123,1,1144
https://www.google.com/search?q=alter+column+ms+excel&ie=utf-8&oe=utf-8&client=firefox-b-ab,1520917455,1520917455,1,1144
https://www.google.com/search?q=gp+game&ie=utf-8&oe=utf-8&client=firefox-b-ab,1520912962,1520912962,1,1144
https://www.google.com/search?q=svm+scikit+learn&ie=utf-8&oe=utf-8&client=firefox-b-ab,1520910042,1520910042,1,1144
https://www.google.com/search?q=what+is+ctr+adsense&ie=utf-8&oe=utf-8&client=firefox-b-ab,1520908703,1520908703,1,1144
https://www.google.com/search?q=predict+country+name+from+human+name+python+scikit+learn&ie=utf-8&oe=utf-8&client=firefox-b-ab,1520908108,1520908108,1,1144
https://www.google.com/search?q=URL+Classification+categorical+data+python+&ie=utf-8&oe=utf-8&client=firefox-b-ab,1520909719,1520909719,1,1144
https://www.google.com/search?q=Linear+regression+scikit+learn&ie=utf-8&oe=utf-8&client=firefox-b-ab,1520774500,1520774500,1,1144
https://www.google.com/search?q=youtube+search+prediction+dropdown+python+scikit+learn&ie=utf-8&oe=utf-8&client=firefox-b-ab,1520773582,1520773582,1,1144
https://www.google.com/search?q=nid+card+check+in+bangladesh&ie=utf-8&oe=utf-8&client=firefox-b-ab,1520761462,1520761462,1,1144
https://www.helpdesk.com/,1520752792,1520752792,1,1144
https://www.google.com/search?q=youtube+siraj+ai&ie=utf-8&oe=utf-8&client=firefox-b-ab,1520739591,1520739591,1,1144
http://ruetoj-ruetoj.193b.starter-ca-central-1.openshiftapps.com/profile.php?user=Stauhid,1520727962,1520727962,1,1144
https://www.google.com/search?q=enter+mysql+shell&ie=utf-8&oe=utf-8&client=firefox-b-ab,1520727914,1520727914,1,1144
http://ruetoj-ruetoj.193b.starter-ca-central-1.openshiftapps.com/description.php,1520726893,1520726893,1,1144
https://www.google.com/search?q=excel+fill+up+empty+cells+by+another+column+same+row&ie=utf-8&oe=utf-8&client=firefox-b-ab,1520687973,1520687973,1,1144
https://www.google.com/search?q=change+phpmyadmin+import+size&ie=utf-8&oe=utf-8&client=firefox-b-ab,1520686775,1520686775,1,1144
https://www.google.com/search?q=dataset+of+linkedin&ie=utf-8&oe=utf-8&client=firefox-b-ab,1520683056,1520683056,1,1144
https://www.google.com/search?q=markov+model+to+predict+url+count+after+10+days&ie=utf-8&oe=utf-8&client=firefox-b-ab,1520623673,1520623673,1,1144
https://www.google.com/,1520587754,1520587754,1,1144
https://www.google.com/search?q=how+to+assign+js+variable+in+textbox&ie=utf-8&oe=utf-8&client=firefox-b-ab,1520586827,1520586827,1,1144
https://www.google.com/search?q=print+js+variable+in+php&ie=utf-8&oe=utf-8&client=firefox-b-ab,1520584315,1520584315,1,1144
https://www.google.com/search?q=node+red+ui+install+globally&ie=utf-8&oe=utf-8&client=firefox-b-ab,1520577873,1520577873,1,1144
https://www.google.com/search?q=npm+install&ie=utf-8&oe=utf-8&client=firefox-b-ab,1520577969,1520577969,1,1144
https://www.google.com/search?q=how+to+get+url+from+browser+addressbar&ie=utf-8&oe=utf-8&client=firefox-b-ab,1520576175,1520576175,1,1144
https://www.google.com/search?q=my+account+less+secure+app&ie=utf-8&oe=utf-8&client=firefox-b-ab,1520557247,1520557247,1,1144
https://www.google.com/search?q=browser+history+dataset&ie=utf-8&oe=utf-8&client=firefox-b-ab,1520547704,1520547704,1,1144
https://www.google.com/search?q=predict+links+from+browser+history&ie=utf-8&oe=utf-8&client=firefox-b-ab,1520545924,1520545924,1,1144
https://www.google.com/search?q=what+is+recorded+index+in+browser+history&ie=utf-8&oe=utf-8&client=firefox-b-ab,1520545639,1520545639,1,1144
https://www.google.com/search?q=alexa+top+1000+websites&ie=utf-8&oe=utf-8&client=firefox-b-ab,1520513895,1520513895,1,1144
https://www.google.com/search?q=game+sites&ie=utf-8&oe=utf-8&client=firefox-b-ab,1520514583,1520514583,1,1144
https://www.google.com/search?q=export+browser+history+firefox&ie=utf-8&oe=utf-8&client=firefox-b-ab,1520543725,1520543725,1,1144
https://www.google.com/search?q=Max+int+scikit+learn+library+for+predicting&ie=utf-8&oe=utf-8&client=firefox-b-ab,1520505903,1520505903,1,1144
https://www.google.com/search?q=TopicalWeb-page+Classification&ie=utf-8&oe=utf-8&client=firefox-b-ab,1520499080,1520499080,1,1144
https://www.google.com/search?q=google+scholar&ie=utf-8&oe=utf-8&client=firefox-b-ab,1520499195,1520499195,1,1144
https://www.google.com/search?q=delete+column+by+df+iloc&ie=utf-8&oe=utf-8&client=firefox-b-ab,1520488412,1520488412,1,1144
https://www.google.com/search?q=Url+classifier+naive+bayes+by+dmoz+dataset&ie=utf-8&oe=utf-8&client=firefox-b-ab,1520485906,1520485906,1,1144
https://www.google.com/search?q=panda+get+dummies+and+add+with+training+set&ie=utf-8&oe=utf-8&client=firefox-b-ab,1520487012,1520487012,1,1144
https://www.google.com/search?q=classification+as+features+are+both+number+and+string&ie=utf-8&oe=utf-8&client=firefox-b-ab,1520486502,1520486502,1,1144
https://www.google.com/search?q=panda+select+between+rows&ie=utf-8&oe=utf-8&client=firefox-b-ab,1520466759,1520466759,1,1144
https://www.google.com/search?q=web+page+classification+by+logistic+regression&ie=utf-8&oe=utf-8&client=firefox-b-ab,1520465538,1520465538,1,1144
https://www.google.com/search?q=Web+classification+by+domoz+dataset&ie=utf-8&oe=utf-8&client=firefox-b-ab,1520462376,1520462376,1,1144
https://www.google.com/search?q=random+forest+classifier+for+url+classification+example&ie=utf-8&oe=utf-8&client=firefox-b-ab,1520460782,1520460782,1,1144
https://www.google.com/search?q=best+accuracy+logistic+regression+model+scikit+learn+for+url+classification&ie=utf-8&oe=utf-8&client=firefox-b-ab,1520460098,1520460098,1,1144
https://www.google.com/search?q=raspberry+pi+the+connection+is+refused+by+computer+lan&ie=utf-8&oe=utf-8&client=firefox-b-ab,1520457422,1520457422,1,1144
https://www.google.com/search?q=Reshaping+not+implemented+for+csr_matrix.&ie=utf-8&oe=utf-8&client=firefox-b-ab,1520455959,1520455959,1,1144
https://www.google.com/search?q=%27numpy.ndarray%27+object+has+no+attribute+%27lower%27&ie=utf-8&oe=utf-8&client=firefox-b-ab,1520431373,1520431373,1,1144
https://www.google.com/search?q=how+to+omit+first+row+in+pandas&ie=utf-8&oe=utf-8&client=firefox-b-ab,1520430908,1520430908,1,1144
https://www.google.com/search?q=google+colab+free+gpu+configuration&ie=utf-8&oe=utf-8&client=firefox-b-ab,1520428632,1520428632,1,1144
http://coursera.org/learn/,1520427969,1520427969,1,1144
https://www.google.com/search?q=paya+ha+mene&ie=utf-8&oe=utf-8&client=firefox-b-ab,1520418209,1520418209,1,1144
https://www.google.com/search?q=dtype+str+train+test+slpit&ie=utf-8&oe=utf-8&client=firefox-b-ab,1520417003,1520417003,1,1144
https://www.google.com/search?q=np.nan+is+an+invalid+document%2C+expected+byte+or+unicode+string&ie=utf-8&oe=utf-8&client=firefox-b-ab,1520417195,1520417195,1,1144
https://www.google.com/search?q=train_test_split+unicode+parameter&ie=utf-8&oe=utf-8&client=firefox-b-ab,1520415399,1520415399,1,1144
https://www.google.com/search?q=%E0%A6%93%E0%A6%B9%E0%A6%BE%E0%A6%A4+%E0%A6%87%E0%A6%B8+%E0%A6%AD%E0%A6%9C%E0%A7%8D%E0%A6%9E+%E0%A6%AB%E0%A6%BE%E0%A6%87%E0%A6%B2%3F&ie=utf-8&oe=utf-8&client=firefox-b-ab,1520411484,1520411484,1,1144
https://www.google.com/search?q=how+to+add+dataset+path+in+colab+google&ie=utf-8&oe=utf-8&client=firefox-b-ab,1520402335,1520402335,1,1144
https://www.google.com/search?q=This+solver+needs+samples+of+at+least+2+classes+in+the+data%2C+but+the+data+contains+only+one+class%3A+%27Adult%27&ie=utf-8&oe=utf-8&client=firefox-b-ab,1520401854,1520401854,1,1144
https://www.google.com/search?q=one+hot+coding+taking+too+much+time&ie=utf-8&oe=utf-8&client=firefox-b-ab,1520401040,1520401040,1,1144
https://www.google.com/search?q=scikit+learn+logistic+regression+example&ie=utf-8&oe=utf-8&client=firefox-b-ab,1520397808,1520397808,1,1144
https://www.google.com/search?q=url+classification+logistic+regression%3F&ie=utf-8&oe=utf-8&client=firefox-b-ab,1520397058,1520397058,1,1144
https://www.google.com/search?q=one+hot+encodder+TypeError%3A+%27%3C%27+not+supported+between+instances+of+%27float%27+and+%27str%27&ie=utf-8&oe=utf-8&client=firefox-b-ab,1520387021,1520387021,1,1144
https://www.google.com/search?q=url+encode+by+one+hot+encoder+scikit+learn&ie=utf-8&oe=utf-8&client=firefox-b-ab,1520386970,1520386970,1,1144
https://www.google.com/search?q=classify+user+by+web+page+view+count&ie=utf-8&oe=utf-8&client=firefox-b-ab,1520380251,1520380251,1,1144
https://www.google.com/search?q=Social+network+ads+purchased+dataset&ie=utf-8&oe=utf-8&client=firefox-b-ab,1520375264,1520375264,1,1144
http://people.csail.mit.edu/jrennie/20Newsgroups/,1520372776,1520372776,1,1144
https://www.google.com/search?q=web+page+classification+example+by+logistic+regression&ie=utf-8&oe=utf-8&client=firefox-b-ab,1520372243,1520372243,1,1144
https://www.google.com/search?q=how+to+classify+string+based+feature+by+logistic+regression&ie=utf-8&oe=utf-8&client=firefox-b-ab,1520372301,1520372301,1,1144
https://www.google.com/search?q=DMOZ+dataset&ie=utf-8&oe=utf-8&client=firefox-b-ab,1520341597,1520341597,1,1144
https://www.google.com/search?q=take+string+parameter+in+logistic+regression+fit+model+scikit&ie=utf-8&oe=utf-8&client=firefox-b-ab,1520341684,1520341684,1,1144
https://www.google.com/search?q=browser+history+web+page+classification&ie=utf-8&oe=utf-8&client=firefox-b-ab,1520339958,1520339958,1,1144
https://www.google.com/search?q=could+not+convert+string+to+float%3A+%27Male%27+in+numpy&ie=utf-8&oe=utf-8&client=firefox-b-ab,1520338878,1520338878,1,1144
https://www.google.com/search?q=dtype+string+for+np.array+dataframe&ie=utf-8&oe=utf-8&client=firefox-b-ab,1520338703,1520338703,1,1144
https://www.google.com/search?q=%60load_weights%60+requires+h5py.&ie=utf-8&oe=utf-8&client=firefox-b-ab,1520338133,1520338133,1,1144
https://www.google.com/search?q=tensorflow+keras+code&ie=utf-8&oe=utf-8&client=firefox-b-ab,1520337134,1520337134,1,1144
https://www.google.com/search?q=Web+page+classification+dataset&ie=utf-8&oe=utf-8&client=firefox-b-ab,1520337019,1520337019,1,1144
https://www.google.com/search?q=Could+not+import+PIL.Image.+The+use+of+%60array_to_img%60+requires+PIL.&ie=utf-8&oe=utf-8&client=firefox-b-ab,1520337427,1520337427,1,1144
https://pypi.python.org/pypi/Keras/2.1.3,1520334605,1520334605,1,1144
https://www.google.com/search?q=keras+download&ie=utf-8&oe=utf-8&client=firefox-b-ab,1520334627,1520334627,1,1144
https://www.google.com/search?q=install+tensorflow+downloaded+whl+file&ie=utf-8&oe=utf-8&client=firefox-b-ab,1520333320,1520333320,1,1144
https://www.google.com/search?q=scikit++learn+linear+model+is+not+accepting+string+value&ie=utf-8&oe=utf-8&client=firefox-b-ab,1520332884,1520332884,1,1144
https://www.google.com/search?q=logistic+regression+bimodal+class+type+sckit+learn&ie=utf-8&oe=utf-8&client=firefox-b-ab,1520332586,1520332586,1,1144
https://www.google.com/search?q=jupiter+notebook+command+run&ie=utf-8&oe=utf-8&client=firefox-b-ab,1520331833,1520331833,1,1144
https://www.google.com/search?q=DLL+load+failed%3A+A+dynamic+link+library+%28DLL%29+initialization+routine+failed+tensorflow&ie=utf-8&oe=utf-8&client=firefox-b-ab,1520331978,1520331978,1,1144
https://www.google.com/search?q=twitter+dataset+for+user+classification&ie=utf-8&oe=utf-8&client=firefox-b-ab,1520328534,1520328534,1,1144
https://dl.acm.org/citation.cfm?id=1459357,1520328248,1520328248,1,1144
https://www.google.com/search?q=scholar+google&ie=utf-8&oe=utf-8&client=firefox-b-ab,1520327965,1520327965,1,1144
https://www.google.com/search?q=how+to+start+jupyter+notebook+from+virtual+environment&ie=utf-8&oe=utf-8&client=firefox-b-ab,1520327813,1520327813,1,1144
https://www.google.com/search?q=github+page+view+dataset+of+user&ie=utf-8&oe=utf-8&client=firefox-b-ab,1520327190,1520327190,1,1144
https://www.google.com/search?q=tensordlow+install+in+anaconda+without+virtual+environment&ie=utf-8&oe=utf-8&client=firefox-b-ab,1520320318,1520320318,1,1144
https://www.google.com/search?q=Traceback+%28most+recent+call+last%29%3AFile+%22C%3A%5CProgramData%5CAnaconda3%5Clib%5Csite-packages%5Cnumpy%5Ccore%5C__init__.py%22%2C+lin16%2C+in+%3Cmodule%3Efrom+.+import+multiarrayImportError%3A+cannot+import+name+%27multiarray%27&ie=utf-8&oe=utf-8&client=firefox-b-ab,1520316863,1520316863,1,1144
https://www.google.com/search?q=download+keras+in+anaconda+virtual+environment&ie=utf-8&oe=utf-8&client=firefox-b-ab,1520315221,1520315221,1,1144
https://www.google.com/search?q=keras&ie=utf-8&oe=utf-8&client=firefox-b-ab,1520315251,1520315251,1,1144
https://www.google.com/search?q=Scrrenshot+to+code+dataset&ie=utf-8&oe=utf-8&client=firefox-b-ab,1520314850,1520314850,1,1144
https://www.google.com/search?q=how+to+uninstall+tensorflow+from+anaconda&ie=utf-8&oe=utf-8&client=firefox-b-ab,1520313943,1520313943,1,1144
https://www.google.com/search?q=Traceback+%28most+recent+call+last%29%3AFile+%22C%3A%5CProgramData%5CAnaconda3%5Cenvs%5Ctensorflow%5Clib%5Csite-packages%5Ctensorflow%5Cpython%5Cpywrap_tensorflow_internal.py%22%2C+line+18%2C+in+swig_import_helperreturn+importlib.import_module%28mname%29File+%22C%3A%5CProgramData%5CAnaconda3%5Cenvs%5Ctensorflow%5Clib%5Cimportlib%5C__init__.py%22%2C+line+126%2C+in+import_modulereturn+_bootstrap._gcd_import%28name%5Blevel%3A%5D%2C+package%2C+level%29&ie=utf-8&oe=utf-8&client=firefox-b-ab,1520313543,1520313543,1,1144
https://www.google.com/search?q=google+colab+how+to+run+dataset&ie=utf-8&oe=utf-8&client=firefox-b-ab,1520295791,1520295791,1,1144
https://www.google.com/search?q=install+tensorflow+anaconda+windows&ie=utf-8&oe=utf-8&client=firefox-b-ab,1520292807,1520292807,1,1144
https://www.google.com/search?q=tensorflow+keras+install+on+anaconda+windows+8&ie=utf-8&oe=utf-8&client=firefox-b-ab,1520293050,1520293050,1,1144
http://goo.gl/CFFk9x,1520251850,1520251850,1,1144
https://www.google.com/search?q=best+method+bfgs+or+newton-cg&ie=utf-8&oe=utf-8&client=firefox-b-ab,1520249409,1520249409,1,1144
https://www.google.com/search?q=solver+method+newton+cg&ie=utf-8&oe=utf-8&client=firefox-b-ab,1520249280,1520249280,1,1144
https://www.google.com/search?q=newton-cg+failed+to+converge.+Increase+the+number+of+iterations.%22number+of+iterations.%22%2C+ConvergenceWarning%29&ie=utf-8&oe=utf-8&client=firefox-b-ab,1520249512,1520249512,1,1144
https://www.google.com/search?q=string+unmatched+checker+online&ie=utf-8&oe=utf-8&client=firefox-b-ab,1520248055,1520248055,1,1144
https://www.google.com/search?q=string+match+check&ie=utf-8&oe=utf-8&client=firefox-b-ab,1520247949,1520247949,1,1144
https://www.google.com/search?client=firefox-b-ab&q=numpy+array+to+string+without+brackets&sa=X&ved=0ahUKEwji8-bU5dXZAhWLgLwKHQjwBjEQ1QIInQEoAA&biw=1366&bih=654,1520247594,1520247594,1,1144
https://www.google.com/search?q=convert+numpy+array+to+string&ie=utf-8&oe=utf-8&client=firefox-b-ab,1520245113,1520245113,1,1144
https://www.google.com/search?q=python+print+output+in+a+text&ie=utf-8&oe=utf-8&client=firefox-b-ab,1520244591,1520244591,1,1144
https://www.google.com/search?q=why+%25matplotlib+inline&ie=utf-8&oe=utf-8&client=firefox-b-ab,1520238010,1520238010,1,1144
https://www.google.com/search?q=Coursera+Machine+Learning+in+python&ie=utf-8&oe=utf-8&client=firefox-b-ab,1520235796,1520235796,1,1144
https://www.google.com/search?q=what+is+meaning+of+im+%3D+digits%5B21%2C+1%3A%5D+numpy&ie=utf-8&oe=utf-8&client=firefox-b-ab,1520230053,1520230053,1,1144
https://www.google.com/search?q=freopen+c&ie=utf-8&oe=utf-8&client=firefox-b-ab,1520204834,1520204834,1,1144
https://www.google.com/search?q=c%2B%2B+random+number+generator&ie=utf-8&oe=utf-8&client=firefox-b-ab,1520204355,1520204355,1,1144
https://www.google.com/search?q=predict+user+is+admin+or+not+by+link+prediction&ie=utf-8&oe=utf-8&client=firefox-b-ab,1520153524,1520153524,1,1144
https://www.google.com/search?q=insert+random+data&ie=utf-8&oe=utf-8&client=firefox-b-ab,1520153007,1520153007,1,1144
https://www.google.com/url?sa=t&rct=j&q=&esrc=s&source=web&cd=2&cad=rja&uact=8&ved=0ahUKEwi3zq3Li9PZAhXsqFkKHUYdDDEQFgg9MAE&url=https%3A%2F%2Fdeveloper.similarweb.com%2Fwebsite_categorization_API&usg=AOvVaw0z_9TTTZSBno0SIdW266GT,1520152413,1520152413,1,1144
https://www.google.com/url?sa=t&rct=j&q=&esrc=s&source=web&cd=4&cad=rja&uact=8&ved=0ahUKEwi3zq3Li9PZAhXsqFkKHUYdDDEQFghQMAM&url=https%3A%2F%2Fgithub.com%2Fsurajr%2FURL-Classification&usg=AOvVaw3pxAHdZvZERTh-xr3aMFPU,1520152417,1520152417,1,1144
https://www.google.com/search?q=web+url+classification&ie=utf-8&oe=utf-8&client=firefox-b-ab,1520152215,1520152215,1,1144
https://www.google.com/search?q=excel+randbetween+ip+address&ie=utf-8&oe=utf-8&client=firefox-b-ab,1520148196,1520148196,1,1144
https://www.google.com/search?q=Research+abount+in+which+link+the+user+should+click+next&ie=utf-8&oe=utf-8&client=firefox-b-ab,1520143107,1520143107,1,1144
https://www.google.com/search?q=make+dataset+in+python+free&ie=utf-8&oe=utf-8&client=firefox-b-ab,1520140890,1520140890,1,1144
https://www.google.com/search?q=link+prediction+using+logistic+regression&ie=utf-8&oe=utf-8&client=firefox-b-ab,1520140473,1520140473,1,1144
https://www.google.com/search?q=Quandl&ie=utf-8&oe=utf-8&client=firefox-b-ab,1520141091,1520141091,1,1144
https://www.google.com/search?q=Generate+dataset+by+excel&ie=utf-8&oe=utf-8&client=firefox-b-ab,1520141438,1520141438,1,1144
https://www.google.com/search?q=sudo+effective+uid+is+not+0.+is+sudo+installed%3F&ie=utf-8&oe=utf-8&client=firefox-b-ab,1520123256,1520123256,1,1144
https://www.google.com/search?q=floyd+hub+install&ie=utf-8&oe=utf-8&client=firefox-b-ab,1520123984,1520123984,1,1144
https://www.google.com/search?q=left+factoring+code+c%2B%2B&ie=utf-8&oe=utf-8&client=firefox-b-ab,1513405004,1517543404,3,1144
https://colab.research.google.com/drive/1rmMiN4ld01O-3tuHVaZtdnD8K2I7Esiu#scrollTo=rHuHPiNzjA9n,1521123822,1521124835,14,1144
https://colab.research.google.com/drive/1rmMiN4ld01O-3tuHVaZtdnD8K2I7Esiu#scrollTo=ngdjH1bpifVf,1521123684,1521152132,14,1144
https://colab.research.google.com/drive/1Jmn5rwETQp74MIPgb5_HpcMtFTO1ambK#scrollTo=w4vsIjoNeHW4,1520733061,1520916408,20,1144
https://colab.research.google.com/drive/1Jmn5rwETQp74MIPgb5_HpcMtFTO1ambK#scrollTo=URX-syjjmDqO,1520738743,1520774680,20,1144
https://colab.research.google.com/drive/1Jmn5rwETQp74MIPgb5_HpcMtFTO1ambK#scrollTo=9R1O_Im5faI7,1520733400,1520774710,20,1144
https://colab.research.google.com/drive/1hj3gl-6kWUr7JsNwzp6uPbqetu6AkSV0#scrollTo=KzXV9WRCxTsH,1520412867,1520740515,20,1144
https://colab.research.google.com/drive/1hj3gl-6kWUr7JsNwzp6uPbqetu6AkSV0#scrollTo=979RGXXlxqKl,1520429929,1520739535,20,1144
https://web.facebook.com/groups/ruet.cse.13.a/,1511392101,1521818842,23,1143
https://colab.research.google.com/drive/1hj3gl-6kWUr7JsNwzp6uPbqetu6AkSV0#scrollTo=Hwv5cygRwTqh,1520467217,1521816375,21,1120
https://colab.research.google.com/drive/1hj3gl-6kWUr7JsNwzp6uPbqetu6AkSV0#scrollTo=zIKWDITNcE0S,1520416350,1521816372,21,1120
http://internet.grameenphone.com/,1516166774,1519766881,20,1086
https://github.com/shawon100/Web-Log-Dataset/upload/master,1519999032,1522097175,14,1078
https://colab.research.google.com/drive/1NEep2nBDX4AVrSswgIPgZAQ30s4JIYOm#scrollTo=bMhkrG8ondJn,1521421580,1522250507,15,1068
https://www.youtube.com/analytics?o=U,1499555205,1518751936,7,1065
https://www.scribd.com/document/335744984/Assembly-language-programming-and-organization-of-the-ibm-pc-solution,1516255279,1517957820,4,1030
https://colab.research.google.com/drive/1BJZo4AJo_YwTXEQkNhRkhoEWWIrWBZZe#scrollTo=e7VWehOicpt4,1520430688,1521071527,17,1014
https://colab.research.google.com/drive/1EJhlWPqWpLgypUUBsljbN7nbsuIq5tzA#scrollTo=aHxqyiLYw-6N,1520506476,1521815565,14,987
https://www.google.com/search?q=free+traffic+generator&ie=utf-8&oe=utf-8&client=firefox-b-ab,1517182523,1517225276,2,980
https://www.google.com/search?q=shawonruet&ie=utf-8&oe=utf-8&client=firefox-b-ab,1510899745,1517358573,4,980
https://colab.research.google.com/drive/1bBvfi9l7Tju8rz09eC4C5FRNZvntKUMN#scrollTo=DWlunCDpox7X,1521175665,1521426347,12,980
https://colab.research.google.com/drive/1rmMiN4ld01O-3tuHVaZtdnD8K2I7Esiu#scrollTo=_fYgWxl2iNY8,1521123610,1521124779,12,980
https://www.linkedin.com/in/ashadullah-shawon-b51606aa/,1516859440,1521278252,21,978
https://colab.research.google.com/drive/1BJZo4AJo_YwTXEQkNhRkhoEWWIrWBZZe#scrollTo=cXaIUfF-eKXM,1520431084,1521071863,15,968
https://github.com/kahliloppenheimer/Web-page-classification/blob/master/paper.pdf,1520336822,1521861825,8,935
https://colab.research.google.com/drive/1NEep2nBDX4AVrSswgIPgZAQ30s4JIYOm#scrollTo=q8LJya6enQmi,1521421346,1522250457,13,925
http://localhost/appcontest/geo.php,1518962535,1519023819,3,919
https://colab.research.google.com/drive/1RbyIYELVsLstKtWos1z3ssODawVxhfYk#scrollTo=Z87kYbKHhtnm,1520941791,1520943682,16,915
https://colab.research.google.com/drive/1g8GkUbl2ohFAskE_BV43J98jMSml9oPW#scrollTo=Hwv5cygRwTqh,1520459192,1520465881,16,915
https://python.howtocode.com.bd/list-function.html,1519199738,1519973841,3,899
https://www.linkedin.com/in/ashadullah-shawon-b51606aa/edit/certification/new/,1519872807,1519943923,3,899
https://www.coursera.org/account/accomplishments/certificate/WN9HL69GJ8TD,1519943714,1519944132,3,899
https://www.w3schools.com/html/tryit.asp?filename=tryhtml5_geolocation,1518951830,1519024039,3,899
https://colab.research.google.com/drive/1QP09wScBe4GjUMKCJXyTXFTR7GQTXm4D#scrollTo=E22G1RObNYGI,1521179627,1521287682,11,899
https://colab.research.google.com/drive/1bBvfi9l7Tju8rz09eC4C5FRNZvntKUMN#scrollTo=p_vo6SOSoz9l,1521175673,1521426349,11,899
https://www.kaggle.com/dansbecker/how-models-work,1516276831,1518756778,2,890
https://www.datacamp.com/tracks/machine-learning-with-python,1519900953,1519983924,3,874
http://scikit-learn.org/stable/tutorial/text_analytics/working_with_text_data.html,1520341847,1521807984,9,864
https://www.quora.com/Can-you-write-a-program-in-C++-that-tests-whether-two-logical-expressions-in-p-and-q-are-logically-equivalent,1519901759,1519902794,2,857
